<?xml version="1.0"?>
<doc>
    <assembly>
        <name>BlinkBird</name>
    </assembly>
    <members>
        <member name="T:About">
            <summary>
            This is the window that shows the info about the app
            </summary>
        </member>
        <member name="M:About._Ready">
            <summary>
            Executes when the node isready andfills the info in the window
            </summary>
        </member>
        <member name="M:About.BtnClose_Pressed">
            <summary>
            Closes the window
            </summary>
        </member>
        <member name="T:About.MethodName">
            <summary>
            Cached StringNames for the methods contained in this class, for fast lookup.
            </summary>
        </member>
        <member name="F:About.MethodName._Ready">
            <summary>
            Cached name for the '_Ready' method.
            </summary>
        </member>
        <member name="F:About.MethodName.BtnClose_Pressed">
            <summary>
            Cached name for the 'BtnClose_Pressed' method.
            </summary>
        </member>
        <member name="F:About.MethodName._Process">
            <summary>
            Cached name for the '_Process' method.
            </summary>
        </member>
        <member name="M:About.GetGodotMethodList">
            <summary>
            Get the method information for all the methods declared in this class.
            This method is used by Godot to register the available methods in the editor.
            Do not call this method.
            </summary>
        </member>
        <member name="M:About.InvokeGodotClassMethod(Godot.NativeInterop.godot_string_name@,Godot.NativeInterop.NativeVariantPtrArgs,Godot.NativeInterop.godot_variant@)">
            <inheritdoc/>
        </member>
        <member name="M:About.HasGodotClassMethod(Godot.NativeInterop.godot_string_name@)">
            <inheritdoc/>
        </member>
        <member name="T:About.PropertyName">
            <summary>
            Cached StringNames for the properties and fields contained in this class, for fast lookup.
            </summary>
        </member>
        <member name="M:About.SaveGodotObjectData(Godot.Bridge.GodotSerializationInfo)">
            <inheritdoc/>
        </member>
        <member name="M:About.RestoreGodotObjectData(Godot.Bridge.GodotSerializationInfo)">
            <inheritdoc/>
        </member>
        <member name="T:About.SignalName">
            <summary>
            Cached StringNames for the signals contained in this class, for fast lookup.
            </summary>
        </member>
        <member name="T:AddUserDetails">
            <summary>
            Adds a new user
            </summary>
        </member>
        <member name="M:AddUserDetails._Ready">
            <summary>
            Called when the node enters the scene tree for the first time.
             
            </summary>
        </member>
        <member name="M:AddUserDetails.BtnCreateNewUser_Pressed">
            <summary>
            called when the create new user button is pressed and adds the 
            new user to te database
            </summary>
        </member>
        <member name="M:AddUserDetails.BtnCancel_Pressed">
            <summary>
            Closes the window
            </summary>
        </member>
        <member name="T:AddUserDetails.MethodName">
            <summary>
            Cached StringNames for the methods contained in this class, for fast lookup.
            </summary>
        </member>
        <member name="F:AddUserDetails.MethodName._Ready">
            <summary>
            Cached name for the '_Ready' method.
            </summary>
        </member>
        <member name="F:AddUserDetails.MethodName.BtnCreateNewUser_Pressed">
            <summary>
            Cached name for the 'BtnCreateNewUser_Pressed' method.
            </summary>
        </member>
        <member name="F:AddUserDetails.MethodName.BtnCancel_Pressed">
            <summary>
            Cached name for the 'BtnCancel_Pressed' method.
            </summary>
        </member>
        <member name="F:AddUserDetails.MethodName._Process">
            <summary>
            Cached name for the '_Process' method.
            </summary>
        </member>
        <member name="M:AddUserDetails.GetGodotMethodList">
            <summary>
            Get the method information for all the methods declared in this class.
            This method is used by Godot to register the available methods in the editor.
            Do not call this method.
            </summary>
        </member>
        <member name="M:AddUserDetails.InvokeGodotClassMethod(Godot.NativeInterop.godot_string_name@,Godot.NativeInterop.NativeVariantPtrArgs,Godot.NativeInterop.godot_variant@)">
            <inheritdoc/>
        </member>
        <member name="M:AddUserDetails.HasGodotClassMethod(Godot.NativeInterop.godot_string_name@)">
            <inheritdoc/>
        </member>
        <member name="T:AddUserDetails.PropertyName">
            <summary>
            Cached StringNames for the properties and fields contained in this class, for fast lookup.
            </summary>
        </member>
        <member name="M:AddUserDetails.SaveGodotObjectData(Godot.Bridge.GodotSerializationInfo)">
            <inheritdoc/>
        </member>
        <member name="M:AddUserDetails.RestoreGodotObjectData(Godot.Bridge.GodotSerializationInfo)">
            <inheritdoc/>
        </member>
        <member name="T:AddUserDetails.SignalName">
            <summary>
            Cached StringNames for the signals contained in this class, for fast lookup.
            </summary>
        </member>
        <member name="T:Camera">
            <summary>
             This class controls the Camera of the Game
            </summary>
        </member>
        <member name="M:Camera._Ready">
            <summary>
            Called when the node enters the scene tree for the first time.
            </summary>
        </member>
        <member name="M:Camera._Process(System.Double)">
            <summary>
            Moves the camera and occurs when the frame is produced
            </summary>
            <param name="delta"></param>
        </member>
        <member name="T:Camera.MethodName">
            <summary>
            Cached StringNames for the methods contained in this class, for fast lookup.
            </summary>
        </member>
        <member name="F:Camera.MethodName._Ready">
            <summary>
            Cached name for the '_Ready' method.
            </summary>
        </member>
        <member name="F:Camera.MethodName._Process">
            <summary>
            Cached name for the '_Process' method.
            </summary>
        </member>
        <member name="M:Camera.GetGodotMethodList">
            <summary>
            Get the method information for all the methods declared in this class.
            This method is used by Godot to register the available methods in the editor.
            Do not call this method.
            </summary>
        </member>
        <member name="M:Camera.InvokeGodotClassMethod(Godot.NativeInterop.godot_string_name@,Godot.NativeInterop.NativeVariantPtrArgs,Godot.NativeInterop.godot_variant@)">
            <inheritdoc/>
        </member>
        <member name="M:Camera.HasGodotClassMethod(Godot.NativeInterop.godot_string_name@)">
            <inheritdoc/>
        </member>
        <member name="T:Camera.PropertyName">
            <summary>
            Cached StringNames for the properties and fields contained in this class, for fast lookup.
            </summary>
        </member>
        <member name="M:Camera.SaveGodotObjectData(Godot.Bridge.GodotSerializationInfo)">
            <inheritdoc/>
        </member>
        <member name="M:Camera.RestoreGodotObjectData(Godot.Bridge.GodotSerializationInfo)">
            <inheritdoc/>
        </member>
        <member name="T:Camera.SignalName">
            <summary>
            Cached StringNames for the signals contained in this class, for fast lookup.
            </summary>
        </member>
        <member name="T:GameOver">
            <summary>
            This window appearswhenn thegame is over
            </summary>
        </member>
        <member name="M:GameOver._Ready">
            <summary>
            It shows the score and saves the data to the database
            </summary>
        </member>
        <member name="T:GameOver.MethodName">
            <summary>
            Cached StringNames for the methods contained in this class, for fast lookup.
            </summary>
        </member>
        <member name="F:GameOver.MethodName._Ready">
            <summary>
            Cached name for the '_Ready' method.
            </summary>
        </member>
        <member name="F:GameOver.MethodName._Process">
            <summary>
            Cached name for the '_Process' method.
            </summary>
        </member>
        <member name="M:GameOver.GetGodotMethodList">
            <summary>
            Get the method information for all the methods declared in this class.
            This method is used by Godot to register the available methods in the editor.
            Do not call this method.
            </summary>
        </member>
        <member name="M:GameOver.InvokeGodotClassMethod(Godot.NativeInterop.godot_string_name@,Godot.NativeInterop.NativeVariantPtrArgs,Godot.NativeInterop.godot_variant@)">
            <inheritdoc/>
        </member>
        <member name="M:GameOver.HasGodotClassMethod(Godot.NativeInterop.godot_string_name@)">
            <inheritdoc/>
        </member>
        <member name="T:GameOver.PropertyName">
            <summary>
            Cached StringNames for the properties and fields contained in this class, for fast lookup.
            </summary>
        </member>
        <member name="M:GameOver.SaveGodotObjectData(Godot.Bridge.GodotSerializationInfo)">
            <inheritdoc/>
        </member>
        <member name="M:GameOver.RestoreGodotObjectData(Godot.Bridge.GodotSerializationInfo)">
            <inheritdoc/>
        </member>
        <member name="T:GameOver.SignalName">
            <summary>
            Cached StringNames for the signals contained in this class, for fast lookup.
            </summary>
        </member>
        <member name="T:GamingScesions">
            <summary>
            Shows the saved gamingsessions
            </summary>
        </member>
        <member name="M:GamingScesions.OpenFileDialog_FileSelected(System.String)">
            <summary>
            Selects he file to open
            </summary>
            <param name="path"></param>
        </member>
        <member name="M:GamingScesions.BtnImportCSV_Pressed">
            <summary>
            Imports the selectted csv file to the database
            </summary>
        </member>
        <member name="M:GamingScesions.LstGamingsessions_ItemSelected(System.Int64)">
            <summary>
            Selects the gaming Session
            </summary>
            <param name="index"></param>
        </member>
        <member name="M:GamingScesions.BtnClose_Pressed">
            <summary>
            Clsoes the  window
            </summary>
        </member>
        <member name="M:GamingScesions.BtnMakeGraphs_Pressed">
            <summary>
            Creates grphs in png image format
            </summary>
        </member>
        <member name="M:GamingScesions.BtnExportToCSV_Pressed">
            <summary>
            Exports the  gamingsession data to csv
            </summary>
        </member>
        <member name="M:GamingScesions.BtnDelete_Pressed">
            <summary>
            Deletes the selected gamingsession
            </summary>
        </member>
        <member name="T:GamingScesions.MethodName">
            <summary>
            Cached StringNames for the methods contained in this class, for fast lookup.
            </summary>
        </member>
        <member name="F:GamingScesions.MethodName._Ready">
            <summary>
            Cached name for the '_Ready' method.
            </summary>
        </member>
        <member name="F:GamingScesions.MethodName.OpenFileDialog_FileSelected">
            <summary>
            Cached name for the 'OpenFileDialog_FileSelected' method.
            </summary>
        </member>
        <member name="F:GamingScesions.MethodName.BtnImportCSV_Pressed">
            <summary>
            Cached name for the 'BtnImportCSV_Pressed' method.
            </summary>
        </member>
        <member name="F:GamingScesions.MethodName.LstGamingsessions_ItemSelected">
            <summary>
            Cached name for the 'LstGamingsessions_ItemSelected' method.
            </summary>
        </member>
        <member name="F:GamingScesions.MethodName.BtnClose_Pressed">
            <summary>
            Cached name for the 'BtnClose_Pressed' method.
            </summary>
        </member>
        <member name="F:GamingScesions.MethodName.BtnMakeGraphs_Pressed">
            <summary>
            Cached name for the 'BtnMakeGraphs_Pressed' method.
            </summary>
        </member>
        <member name="F:GamingScesions.MethodName.BtnExportToCSV_Pressed">
            <summary>
            Cached name for the 'BtnExportToCSV_Pressed' method.
            </summary>
        </member>
        <member name="F:GamingScesions.MethodName._Process">
            <summary>
            Cached name for the '_Process' method.
            </summary>
        </member>
        <member name="F:GamingScesions.MethodName.BtnDelete_Pressed">
            <summary>
            Cached name for the 'BtnDelete_Pressed' method.
            </summary>
        </member>
        <member name="M:GamingScesions.GetGodotMethodList">
            <summary>
            Get the method information for all the methods declared in this class.
            This method is used by Godot to register the available methods in the editor.
            Do not call this method.
            </summary>
        </member>
        <member name="M:GamingScesions.InvokeGodotClassMethod(Godot.NativeInterop.godot_string_name@,Godot.NativeInterop.NativeVariantPtrArgs,Godot.NativeInterop.godot_variant@)">
            <inheritdoc/>
        </member>
        <member name="M:GamingScesions.HasGodotClassMethod(Godot.NativeInterop.godot_string_name@)">
            <inheritdoc/>
        </member>
        <member name="T:GamingScesions.PropertyName">
            <summary>
            Cached StringNames for the properties and fields contained in this class, for fast lookup.
            </summary>
        </member>
        <member name="F:GamingScesions.PropertyName.btnDelete">
            <summary>
            Cached name for the 'btnDelete' field.
            </summary>
        </member>
        <member name="F:GamingScesions.PropertyName.btnExportToCSV">
            <summary>
            Cached name for the 'btnExportToCSV' field.
            </summary>
        </member>
        <member name="F:GamingScesions.PropertyName.btnMakeGraphs">
            <summary>
            Cached name for the 'btnMakeGraphs' field.
            </summary>
        </member>
        <member name="F:GamingScesions.PropertyName.btnClose">
            <summary>
            Cached name for the 'btnClose' field.
            </summary>
        </member>
        <member name="F:GamingScesions.PropertyName.btnImportCSV">
            <summary>
            Cached name for the 'btnImportCSV' field.
            </summary>
        </member>
        <member name="F:GamingScesions.PropertyName.OpenFileDialog">
            <summary>
            Cached name for the 'OpenFileDialog' field.
            </summary>
        </member>
        <member name="F:GamingScesions.PropertyName.lstGamingsessions">
            <summary>
            Cached name for the 'lstGamingsessions' field.
            </summary>
        </member>
        <member name="F:GamingScesions.PropertyName.filename">
            <summary>
            Cached name for the 'filename' field.
            </summary>
        </member>
        <member name="M:GamingScesions.SetGodotClassPropertyValue(Godot.NativeInterop.godot_string_name@,Godot.NativeInterop.godot_variant@)">
            <inheritdoc/>
        </member>
        <member name="M:GamingScesions.GetGodotClassPropertyValue(Godot.NativeInterop.godot_string_name@,Godot.NativeInterop.godot_variant@)">
            <inheritdoc/>
        </member>
        <member name="M:GamingScesions.GetGodotPropertyList">
            <summary>
            Get the property information for all the properties declared in this class.
            This method is used by Godot to register the available properties in the editor.
            Do not call this method.
            </summary>
        </member>
        <member name="M:GamingScesions.SaveGodotObjectData(Godot.Bridge.GodotSerializationInfo)">
            <inheritdoc/>
        </member>
        <member name="M:GamingScesions.RestoreGodotObjectData(Godot.Bridge.GodotSerializationInfo)">
            <inheritdoc/>
        </member>
        <member name="T:GamingScesions.SignalName">
            <summary>
            Cached StringNames for the signals contained in this class, for fast lookup.
            </summary>
        </member>
        <member name="T:HSdrHorizontalSpeed">
            <summary>
            This sldier controls the speed the scenec and the avatar moves
            </summary>
        </member>
        <member name="M:HSdrHorizontalSpeed._Process(System.Double)">
            <summary>
            moves the slider when the camera moves
            </summary>
            <param name="delta"></param>
        </member>
        <member name="T:HSdrHorizontalSpeed.MethodName">
            <summary>
            Cached StringNames for the methods contained in this class, for fast lookup.
            </summary>
        </member>
        <member name="F:HSdrHorizontalSpeed.MethodName._Ready">
            <summary>
            Cached name for the '_Ready' method.
            </summary>
        </member>
        <member name="F:HSdrHorizontalSpeed.MethodName._Process">
            <summary>
            Cached name for the '_Process' method.
            </summary>
        </member>
        <member name="M:HSdrHorizontalSpeed.GetGodotMethodList">
            <summary>
            Get the method information for all the methods declared in this class.
            This method is used by Godot to register the available methods in the editor.
            Do not call this method.
            </summary>
        </member>
        <member name="M:HSdrHorizontalSpeed.InvokeGodotClassMethod(Godot.NativeInterop.godot_string_name@,Godot.NativeInterop.NativeVariantPtrArgs,Godot.NativeInterop.godot_variant@)">
            <inheritdoc/>
        </member>
        <member name="M:HSdrHorizontalSpeed.HasGodotClassMethod(Godot.NativeInterop.godot_string_name@)">
            <inheritdoc/>
        </member>
        <member name="T:HSdrHorizontalSpeed.PropertyName">
            <summary>
            Cached StringNames for the properties and fields contained in this class, for fast lookup.
            </summary>
        </member>
        <member name="M:HSdrHorizontalSpeed.SaveGodotObjectData(Godot.Bridge.GodotSerializationInfo)">
            <inheritdoc/>
        </member>
        <member name="M:HSdrHorizontalSpeed.RestoreGodotObjectData(Godot.Bridge.GodotSerializationInfo)">
            <inheritdoc/>
        </member>
        <member name="T:HSdrHorizontalSpeed.SignalName">
            <summary>
            Cached StringNames for the signals contained in this class, for fast lookup.
            </summary>
        </member>
        <member name="T:Menu">
            <summary>
            The Main menu of the game
            </summary>
        </member>
        <member name="M:Menu.SaveDataToDb">
            <summary>
            Save the data to database
            </summary>
        </member>
        <member name="M:Menu._Ready">
            <summary>
            Creates the winndow
            </summary>
        </member>
        <member name="M:Menu.BtnShowUsers_Pressed">
            <summary>
            This shows the window with all the users 
            </summary>
        </member>
        <member name="M:Menu.BtnConnectEEGDevice_Pressed">
            <summary>
            Connects to the EEG headset
            </summary>
        </member>
        <member name="M:Menu.BtnAbout_Pressed">
            <summary>
            Shows the About window
            </summary>
        </member>
        <member name="M:Menu.BtnExit_Pressed">
            <summary>
            Cloes the game
            </summary>
        </member>
        <member name="M:Menu.BtnSelectUser_Pressed">
            <summary>
            Shows the user for selection
            </summary>
        </member>
        <member name="M:Menu.BtnNewuser_Pressed">
            <summary>
            Shwos the new user creation window
            </summary>
        </member>
        <member name="M:Menu._Process(System.Double)">
            <summary>
            checks whever a user is selected or anEEG headest is conencted
            </summary>
            <param name="delta"></param>
        </member>
        <member name="M:Menu.bbtnNewGame_pressed">
            <summary>
            Starts  new game 
            </summary>
        </member>
        <member name="T:Menu.MethodName">
            <summary>
            Cached StringNames for the methods contained in this class, for fast lookup.
            </summary>
        </member>
        <member name="F:Menu.MethodName.SaveDataToDb">
            <summary>
            Cached name for the 'SaveDataToDb' method.
            </summary>
        </member>
        <member name="F:Menu.MethodName._Ready">
            <summary>
            Cached name for the '_Ready' method.
            </summary>
        </member>
        <member name="F:Menu.MethodName.BtnShowUsers_Pressed">
            <summary>
            Cached name for the 'BtnShowUsers_Pressed' method.
            </summary>
        </member>
        <member name="F:Menu.MethodName.BtnConnectEEGDevice_Pressed">
            <summary>
            Cached name for the 'BtnConnectEEGDevice_Pressed' method.
            </summary>
        </member>
        <member name="F:Menu.MethodName.BtnAbout_Pressed">
            <summary>
            Cached name for the 'BtnAbout_Pressed' method.
            </summary>
        </member>
        <member name="F:Menu.MethodName.BtnExit_Pressed">
            <summary>
            Cached name for the 'BtnExit_Pressed' method.
            </summary>
        </member>
        <member name="F:Menu.MethodName.BtnSelectUser_Pressed">
            <summary>
            Cached name for the 'BtnSelectUser_Pressed' method.
            </summary>
        </member>
        <member name="F:Menu.MethodName.BtnNewuser_Pressed">
            <summary>
            Cached name for the 'BtnNewuser_Pressed' method.
            </summary>
        </member>
        <member name="F:Menu.MethodName._Process">
            <summary>
            Cached name for the '_Process' method.
            </summary>
        </member>
        <member name="F:Menu.MethodName.bbtnNewGame_pressed">
            <summary>
            Cached name for the 'bbtnNewGame_pressed' method.
            </summary>
        </member>
        <member name="M:Menu.GetGodotMethodList">
            <summary>
            Get the method information for all the methods declared in this class.
            This method is used by Godot to register the available methods in the editor.
            Do not call this method.
            </summary>
        </member>
        <member name="M:Menu.InvokeGodotClassMethod(Godot.NativeInterop.godot_string_name@,Godot.NativeInterop.NativeVariantPtrArgs,Godot.NativeInterop.godot_variant@)">
            <inheritdoc/>
        </member>
        <member name="M:Menu.HasGodotClassMethod(Godot.NativeInterop.godot_string_name@)">
            <inheritdoc/>
        </member>
        <member name="T:Menu.PropertyName">
            <summary>
            Cached StringNames for the properties and fields contained in this class, for fast lookup.
            </summary>
        </member>
        <member name="F:Menu.PropertyName.newGamepackedScene">
            <summary>
            Cached name for the 'newGamepackedScene' field.
            </summary>
        </member>
        <member name="F:Menu.PropertyName.NewUserDetailsPackedScene">
            <summary>
            Cached name for the 'NewUserDetailsPackedScene' field.
            </summary>
        </member>
        <member name="F:Menu.PropertyName.SelectUserScene">
            <summary>
            Cached name for the 'SelectUserScene' field.
            </summary>
        </member>
        <member name="F:Menu.PropertyName.AboutScene">
            <summary>
            Cached name for the 'AboutScene' field.
            </summary>
        </member>
        <member name="F:Menu.PropertyName.ShowusersScene">
            <summary>
            Cached name for the 'ShowusersScene' field.
            </summary>
        </member>
        <member name="F:Menu.PropertyName.btnNewGame">
            <summary>
            Cached name for the 'btnNewGame' field.
            </summary>
        </member>
        <member name="F:Menu.PropertyName.lblDeviceName">
            <summary>
            Cached name for the 'lblDeviceName' field.
            </summary>
        </member>
        <member name="F:Menu.PropertyName.lblDeviceState">
            <summary>
            Cached name for the 'lblDeviceState' field.
            </summary>
        </member>
        <member name="M:Menu.SetGodotClassPropertyValue(Godot.NativeInterop.godot_string_name@,Godot.NativeInterop.godot_variant@)">
            <inheritdoc/>
        </member>
        <member name="M:Menu.GetGodotClassPropertyValue(Godot.NativeInterop.godot_string_name@,Godot.NativeInterop.godot_variant@)">
            <inheritdoc/>
        </member>
        <member name="M:Menu.GetGodotPropertyList">
            <summary>
            Get the property information for all the properties declared in this class.
            This method is used by Godot to register the available properties in the editor.
            Do not call this method.
            </summary>
        </member>
        <member name="M:Menu.SaveGodotObjectData(Godot.Bridge.GodotSerializationInfo)">
            <inheritdoc/>
        </member>
        <member name="M:Menu.RestoreGodotObjectData(Godot.Bridge.GodotSerializationInfo)">
            <inheritdoc/>
        </member>
        <member name="T:Menu.SignalName">
            <summary>
            Cached StringNames for the signals contained in this class, for fast lookup.
            </summary>
        </member>
        <member name="T:Mountain">
            <summary>
            The main obstacle of the avatar
            </summary>
        </member>
        <member name="M:Mountain._Process(System.Double)">
            <summary>
            It checks whenver the avatar is in the area of the mounntain and 
            after it kills the avatar it shows the gameover screen or it increases the 
            score
            </summary>
            <param name="delta"></param>
        </member>
        <member name="T:Mountain.MethodName">
            <summary>
            Cached StringNames for the methods contained in this class, for fast lookup.
            </summary>
        </member>
        <member name="F:Mountain.MethodName._Ready">
            <summary>
            Cached name for the '_Ready' method.
            </summary>
        </member>
        <member name="F:Mountain.MethodName._Process">
            <summary>
            Cached name for the '_Process' method.
            </summary>
        </member>
        <member name="M:Mountain.GetGodotMethodList">
            <summary>
            Get the method information for all the methods declared in this class.
            This method is used by Godot to register the available methods in the editor.
            Do not call this method.
            </summary>
        </member>
        <member name="M:Mountain.InvokeGodotClassMethod(Godot.NativeInterop.godot_string_name@,Godot.NativeInterop.NativeVariantPtrArgs,Godot.NativeInterop.godot_variant@)">
            <inheritdoc/>
        </member>
        <member name="M:Mountain.HasGodotClassMethod(Godot.NativeInterop.godot_string_name@)">
            <inheritdoc/>
        </member>
        <member name="T:Mountain.PropertyName">
            <summary>
            Cached StringNames for the properties and fields contained in this class, for fast lookup.
            </summary>
        </member>
        <member name="F:Mountain.PropertyName.packedScene">
            <summary>
            Cached name for the 'packedScene' property.
            </summary>
        </member>
        <member name="M:Mountain.SetGodotClassPropertyValue(Godot.NativeInterop.godot_string_name@,Godot.NativeInterop.godot_variant@)">
            <inheritdoc/>
        </member>
        <member name="M:Mountain.GetGodotClassPropertyValue(Godot.NativeInterop.godot_string_name@,Godot.NativeInterop.godot_variant@)">
            <inheritdoc/>
        </member>
        <member name="M:Mountain.GetGodotPropertyList">
            <summary>
            Get the property information for all the properties declared in this class.
            This method is used by Godot to register the available properties in the editor.
            Do not call this method.
            </summary>
        </member>
        <member name="M:Mountain.SaveGodotObjectData(Godot.Bridge.GodotSerializationInfo)">
            <inheritdoc/>
        </member>
        <member name="M:Mountain.RestoreGodotObjectData(Godot.Bridge.GodotSerializationInfo)">
            <inheritdoc/>
        </member>
        <member name="T:Mountain.SignalName">
            <summary>
            Cached StringNames for the signals contained in this class, for fast lookup.
            </summary>
        </member>
        <member name="T:Mountains">
            <summary>
            Manymountainns together
            </summary>
        </member>
        <member name="T:Mountains.MethodName">
            <summary>
            Cached StringNames for the methods contained in this class, for fast lookup.
            </summary>
        </member>
        <member name="F:Mountains.MethodName._Ready">
            <summary>
            Cached name for the '_Ready' method.
            </summary>
        </member>
        <member name="F:Mountains.MethodName._Process">
            <summary>
            Cached name for the '_Process' method.
            </summary>
        </member>
        <member name="M:Mountains.GetGodotMethodList">
            <summary>
            Get the method information for all the methods declared in this class.
            This method is used by Godot to register the available methods in the editor.
            Do not call this method.
            </summary>
        </member>
        <member name="M:Mountains.InvokeGodotClassMethod(Godot.NativeInterop.godot_string_name@,Godot.NativeInterop.NativeVariantPtrArgs,Godot.NativeInterop.godot_variant@)">
            <inheritdoc/>
        </member>
        <member name="M:Mountains.HasGodotClassMethod(Godot.NativeInterop.godot_string_name@)">
            <inheritdoc/>
        </member>
        <member name="T:Mountains.PropertyName">
            <summary>
            Cached StringNames for the properties and fields contained in this class, for fast lookup.
            </summary>
        </member>
        <member name="M:Mountains.SaveGodotObjectData(Godot.Bridge.GodotSerializationInfo)">
            <inheritdoc/>
        </member>
        <member name="M:Mountains.RestoreGodotObjectData(Godot.Bridge.GodotSerializationInfo)">
            <inheritdoc/>
        </member>
        <member name="T:Mountains.SignalName">
            <summary>
            Cached StringNames for the signals contained in this class, for fast lookup.
            </summary>
        </member>
        <member name="T:Player">
            <summary>
            Class representation of the avatar
            </summary>
        </member>
        <member name="M:Player._Process(System.Double)">
            <summary>
            checks whenever an eye blink occured and moves the avatar to 
            closer to the top
            </summary>
            <param name="delta"></param>
        </member>
        <member name="T:Player.MethodName">
            <summary>
            Cached StringNames for the methods contained in this class, for fast lookup.
            </summary>
        </member>
        <member name="F:Player.MethodName._Ready">
            <summary>
            Cached name for the '_Ready' method.
            </summary>
        </member>
        <member name="F:Player.MethodName._Process">
            <summary>
            Cached name for the '_Process' method.
            </summary>
        </member>
        <member name="M:Player.GetGodotMethodList">
            <summary>
            Get the method information for all the methods declared in this class.
            This method is used by Godot to register the available methods in the editor.
            Do not call this method.
            </summary>
        </member>
        <member name="M:Player.InvokeGodotClassMethod(Godot.NativeInterop.godot_string_name@,Godot.NativeInterop.NativeVariantPtrArgs,Godot.NativeInterop.godot_variant@)">
            <inheritdoc/>
        </member>
        <member name="M:Player.HasGodotClassMethod(Godot.NativeInterop.godot_string_name@)">
            <inheritdoc/>
        </member>
        <member name="T:Player.PropertyName">
            <summary>
            Cached StringNames for the properties and fields contained in this class, for fast lookup.
            </summary>
        </member>
        <member name="F:Player.PropertyName.packedScene">
            <summary>
            Cached name for the 'packedScene' field.
            </summary>
        </member>
        <member name="M:Player.SetGodotClassPropertyValue(Godot.NativeInterop.godot_string_name@,Godot.NativeInterop.godot_variant@)">
            <inheritdoc/>
        </member>
        <member name="M:Player.GetGodotClassPropertyValue(Godot.NativeInterop.godot_string_name@,Godot.NativeInterop.godot_variant@)">
            <inheritdoc/>
        </member>
        <member name="M:Player.GetGodotPropertyList">
            <summary>
            Get the property information for all the properties declared in this class.
            This method is used by Godot to register the available properties in the editor.
            Do not call this method.
            </summary>
        </member>
        <member name="M:Player.SaveGodotObjectData(Godot.Bridge.GodotSerializationInfo)">
            <inheritdoc/>
        </member>
        <member name="M:Player.RestoreGodotObjectData(Godot.Bridge.GodotSerializationInfo)">
            <inheritdoc/>
        </member>
        <member name="T:Player.SignalName">
            <summary>
            Cached StringNames for the signals contained in this class, for fast lookup.
            </summary>
        </member>
        <member name="T:ScoreandTime">
            <summary>
            The Horizontal Split container that gorupss the scoreand the timer 
            together
            </summary>
        </member>
        <member name="M:ScoreandTime._Process(System.Double)">
            <summary>
            Checks if the camera moves and moves
            </summary>
            <param name="delta"></param>
        </member>
        <member name="T:ScoreandTime.MethodName">
            <summary>
            Cached StringNames for the methods contained in this class, for fast lookup.
            </summary>
        </member>
        <member name="F:ScoreandTime.MethodName._Ready">
            <summary>
            Cached name for the '_Ready' method.
            </summary>
        </member>
        <member name="F:ScoreandTime.MethodName._Process">
            <summary>
            Cached name for the '_Process' method.
            </summary>
        </member>
        <member name="M:ScoreandTime.GetGodotMethodList">
            <summary>
            Get the method information for all the methods declared in this class.
            This method is used by Godot to register the available methods in the editor.
            Do not call this method.
            </summary>
        </member>
        <member name="M:ScoreandTime.InvokeGodotClassMethod(Godot.NativeInterop.godot_string_name@,Godot.NativeInterop.NativeVariantPtrArgs,Godot.NativeInterop.godot_variant@)">
            <inheritdoc/>
        </member>
        <member name="M:ScoreandTime.HasGodotClassMethod(Godot.NativeInterop.godot_string_name@)">
            <inheritdoc/>
        </member>
        <member name="T:ScoreandTime.PropertyName">
            <summary>
            Cached StringNames for the properties and fields contained in this class, for fast lookup.
            </summary>
        </member>
        <member name="M:ScoreandTime.SaveGodotObjectData(Godot.Bridge.GodotSerializationInfo)">
            <inheritdoc/>
        </member>
        <member name="M:ScoreandTime.RestoreGodotObjectData(Godot.Bridge.GodotSerializationInfo)">
            <inheritdoc/>
        </member>
        <member name="T:ScoreandTime.SignalName">
            <summary>
            Cached StringNames for the signals contained in this class, for fast lookup.
            </summary>
        </member>
        <member name="T:ShowUserDetails">
            <summary>
            Shows the details fo a user
            </summary>
        </member>
        <member name="M:ShowUserDetails._Ready">
            <summary>
            Filsl the objects with user's info
            </summary>
        </member>
        <member name="M:ShowUserDetails.BtnGamingSessions_Pressed">
            <summary>
            shows the gaming sessions
            </summary>
        </member>
        <member name="M:ShowUserDetails.BtnDelete_Pressed">
            <summary>
            deletes the slected user
            </summary>
        </member>
        <member name="M:ShowUserDetails.BtnSelectuser_Pressed">
            <summary>
            Selects the user
            </summary>
        </member>
        <member name="M:ShowUserDetails.BtnEdit_Pressed">
            <summary>
            Saves the new info to the database
            </summary>
        </member>
        <member name="M:ShowUserDetails.BtnCancel_Pressed">
            <summary>
            cancels and clsoes the window
            </summary>
        </member>
        <member name="M:ShowUserDetails.BtnEnableEdit_Pressed">
            <summary>
            Gives the ability to edit user's info
            </summary>
        </member>
        <member name="M:ShowUserDetails.OptUsers_ItemSelected(System.Int64)">
            <summary>
            Sets the user to the activeoption
            </summary>
            <param name="index"></param>
        </member>
        <member name="T:ShowUserDetails.MethodName">
            <summary>
            Cached StringNames for the methods contained in this class, for fast lookup.
            </summary>
        </member>
        <member name="F:ShowUserDetails.MethodName._Ready">
            <summary>
            Cached name for the '_Ready' method.
            </summary>
        </member>
        <member name="F:ShowUserDetails.MethodName.BtnGamingSessions_Pressed">
            <summary>
            Cached name for the 'BtnGamingSessions_Pressed' method.
            </summary>
        </member>
        <member name="F:ShowUserDetails.MethodName.BtnDelete_Pressed">
            <summary>
            Cached name for the 'BtnDelete_Pressed' method.
            </summary>
        </member>
        <member name="F:ShowUserDetails.MethodName.BtnSelectuser_Pressed">
            <summary>
            Cached name for the 'BtnSelectuser_Pressed' method.
            </summary>
        </member>
        <member name="F:ShowUserDetails.MethodName.BtnEdit_Pressed">
            <summary>
            Cached name for the 'BtnEdit_Pressed' method.
            </summary>
        </member>
        <member name="F:ShowUserDetails.MethodName.BtnCancel_Pressed">
            <summary>
            Cached name for the 'BtnCancel_Pressed' method.
            </summary>
        </member>
        <member name="F:ShowUserDetails.MethodName.BtnEnableEdit_Pressed">
            <summary>
            Cached name for the 'BtnEnableEdit_Pressed' method.
            </summary>
        </member>
        <member name="F:ShowUserDetails.MethodName.OptUsers_ItemSelected">
            <summary>
            Cached name for the 'OptUsers_ItemSelected' method.
            </summary>
        </member>
        <member name="F:ShowUserDetails.MethodName._Process">
            <summary>
            Cached name for the '_Process' method.
            </summary>
        </member>
        <member name="M:ShowUserDetails.GetGodotMethodList">
            <summary>
            Get the method information for all the methods declared in this class.
            This method is used by Godot to register the available methods in the editor.
            Do not call this method.
            </summary>
        </member>
        <member name="M:ShowUserDetails.InvokeGodotClassMethod(Godot.NativeInterop.godot_string_name@,Godot.NativeInterop.NativeVariantPtrArgs,Godot.NativeInterop.godot_variant@)">
            <inheritdoc/>
        </member>
        <member name="M:ShowUserDetails.HasGodotClassMethod(Godot.NativeInterop.godot_string_name@)">
            <inheritdoc/>
        </member>
        <member name="T:ShowUserDetails.PropertyName">
            <summary>
            Cached StringNames for the properties and fields contained in this class, for fast lookup.
            </summary>
        </member>
        <member name="F:ShowUserDetails.PropertyName.txtAge">
            <summary>
            Cached name for the 'txtAge' field.
            </summary>
        </member>
        <member name="F:ShowUserDetails.PropertyName.optEducation">
            <summary>
            Cached name for the 'optEducation' field.
            </summary>
        </member>
        <member name="F:ShowUserDetails.PropertyName.optSex">
            <summary>
            Cached name for the 'optSex' field.
            </summary>
        </member>
        <member name="F:ShowUserDetails.PropertyName.txtName">
            <summary>
            Cached name for the 'txtName' field.
            </summary>
        </member>
        <member name="F:ShowUserDetails.PropertyName.optUsers">
            <summary>
            Cached name for the 'optUsers' field.
            </summary>
        </member>
        <member name="F:ShowUserDetails.PropertyName.isInEditMode">
            <summary>
            Cached name for the 'isInEditMode' field.
            </summary>
        </member>
        <member name="F:ShowUserDetails.PropertyName.btnEdit">
            <summary>
            Cached name for the 'btnEdit' field.
            </summary>
        </member>
        <member name="F:ShowUserDetails.PropertyName.packedScene">
            <summary>
            Cached name for the 'packedScene' field.
            </summary>
        </member>
        <member name="M:ShowUserDetails.SetGodotClassPropertyValue(Godot.NativeInterop.godot_string_name@,Godot.NativeInterop.godot_variant@)">
            <inheritdoc/>
        </member>
        <member name="M:ShowUserDetails.GetGodotClassPropertyValue(Godot.NativeInterop.godot_string_name@,Godot.NativeInterop.godot_variant@)">
            <inheritdoc/>
        </member>
        <member name="M:ShowUserDetails.GetGodotPropertyList">
            <summary>
            Get the property information for all the properties declared in this class.
            This method is used by Godot to register the available properties in the editor.
            Do not call this method.
            </summary>
        </member>
        <member name="M:ShowUserDetails.SaveGodotObjectData(Godot.Bridge.GodotSerializationInfo)">
            <inheritdoc/>
        </member>
        <member name="M:ShowUserDetails.RestoreGodotObjectData(Godot.Bridge.GodotSerializationInfo)">
            <inheritdoc/>
        </member>
        <member name="T:ShowUserDetails.SignalName">
            <summary>
            Cached StringNames for the signals contained in this class, for fast lookup.
            </summary>
        </member>
        <member name="T:ShowUsers">
            <summary>
            Shows all the user saved in the database
            </summary>
        </member>
        <member name="M:ShowUsers.BtnAddNew_Pressed">
            <summary>
            Shows the user creation window
            </summary>
        </member>
        <member name="M:ShowUsers.BtnShowUserDetails_Pressed">
            <summary>
            shows the user details window
            </summary>
        </member>
        <member name="M:ShowUsers.LstUser_ItemSelected(System.Int64)">
            <summary>
            makes ti's seected item to be te active user
            </summary>
            <param name="index"></param>
        </member>
        <member name="T:ShowUsers.MethodName">
            <summary>
            Cached StringNames for the methods contained in this class, for fast lookup.
            </summary>
        </member>
        <member name="F:ShowUsers.MethodName._Ready">
            <summary>
            Cached name for the '_Ready' method.
            </summary>
        </member>
        <member name="F:ShowUsers.MethodName.BtnCancel_Pressed">
            <summary>
            Cached name for the 'BtnCancel_Pressed' method.
            </summary>
        </member>
        <member name="F:ShowUsers.MethodName.BtnAddNew_Pressed">
            <summary>
            Cached name for the 'BtnAddNew_Pressed' method.
            </summary>
        </member>
        <member name="F:ShowUsers.MethodName.BtnShowUserDetails_Pressed">
            <summary>
            Cached name for the 'BtnShowUserDetails_Pressed' method.
            </summary>
        </member>
        <member name="F:ShowUsers.MethodName.LstUser_ItemSelected">
            <summary>
            Cached name for the 'LstUser_ItemSelected' method.
            </summary>
        </member>
        <member name="F:ShowUsers.MethodName._Process">
            <summary>
            Cached name for the '_Process' method.
            </summary>
        </member>
        <member name="M:ShowUsers.GetGodotMethodList">
            <summary>
            Get the method information for all the methods declared in this class.
            This method is used by Godot to register the available methods in the editor.
            Do not call this method.
            </summary>
        </member>
        <member name="M:ShowUsers.InvokeGodotClassMethod(Godot.NativeInterop.godot_string_name@,Godot.NativeInterop.NativeVariantPtrArgs,Godot.NativeInterop.godot_variant@)">
            <inheritdoc/>
        </member>
        <member name="M:ShowUsers.HasGodotClassMethod(Godot.NativeInterop.godot_string_name@)">
            <inheritdoc/>
        </member>
        <member name="T:ShowUsers.PropertyName">
            <summary>
            Cached StringNames for the properties and fields contained in this class, for fast lookup.
            </summary>
        </member>
        <member name="F:ShowUsers.PropertyName.lstUser">
            <summary>
            Cached name for the 'lstUser' field.
            </summary>
        </member>
        <member name="F:ShowUsers.PropertyName.btnShowUserDetails">
            <summary>
            Cached name for the 'btnShowUserDetails' field.
            </summary>
        </member>
        <member name="F:ShowUsers.PropertyName.btnAddNew">
            <summary>
            Cached name for the 'btnAddNew' field.
            </summary>
        </member>
        <member name="F:ShowUsers.PropertyName.btnCancel">
            <summary>
            Cached name for the 'btnCancel' field.
            </summary>
        </member>
        <member name="F:ShowUsers.PropertyName.NewUserDetailsPackedScene">
            <summary>
            Cached name for the 'NewUserDetailsPackedScene' field.
            </summary>
        </member>
        <member name="F:ShowUsers.PropertyName.SelectUserScene">
            <summary>
            Cached name for the 'SelectUserScene' field.
            </summary>
        </member>
        <member name="M:ShowUsers.SetGodotClassPropertyValue(Godot.NativeInterop.godot_string_name@,Godot.NativeInterop.godot_variant@)">
            <inheritdoc/>
        </member>
        <member name="M:ShowUsers.GetGodotClassPropertyValue(Godot.NativeInterop.godot_string_name@,Godot.NativeInterop.godot_variant@)">
            <inheritdoc/>
        </member>
        <member name="M:ShowUsers.GetGodotPropertyList">
            <summary>
            Get the property information for all the properties declared in this class.
            This method is used by Godot to register the available properties in the editor.
            Do not call this method.
            </summary>
        </member>
        <member name="M:ShowUsers.SaveGodotObjectData(Godot.Bridge.GodotSerializationInfo)">
            <inheritdoc/>
        </member>
        <member name="M:ShowUsers.RestoreGodotObjectData(Godot.Bridge.GodotSerializationInfo)">
            <inheritdoc/>
        </member>
        <member name="T:ShowUsers.SignalName">
            <summary>
            Cached StringNames for the signals contained in this class, for fast lookup.
            </summary>
        </member>
        <member name="T:World">
            <summary>
            The class representation for the gaming world 
            </summary>
        </member>
        <member name="M:World.HSdrHorizontalSpeed_ValueChanged(System.Double)">
            <summary>
            Changes the speed to the horizontalslider's value
            </summary>
            <param name="value"></param>
        </member>
        <member name="M:World.Timer_Timeout">
            <summary>
            Changes the time that elapsed
            </summary>
        </member>
        <member name="T:World.MethodName">
            <summary>
            Cached StringNames for the methods contained in this class, for fast lookup.
            </summary>
        </member>
        <member name="F:World.MethodName.HSdrHorizontalSpeed_ValueChanged">
            <summary>
            Cached name for the 'HSdrHorizontalSpeed_ValueChanged' method.
            </summary>
        </member>
        <member name="F:World.MethodName._Ready">
            <summary>
            Cached name for the '_Ready' method.
            </summary>
        </member>
        <member name="F:World.MethodName.Timer_Timeout">
            <summary>
            Cached name for the 'Timer_Timeout' method.
            </summary>
        </member>
        <member name="F:World.MethodName._Process">
            <summary>
            Cached name for the '_Process' method.
            </summary>
        </member>
        <member name="M:World.GetGodotMethodList">
            <summary>
            Get the method information for all the methods declared in this class.
            This method is used by Godot to register the available methods in the editor.
            Do not call this method.
            </summary>
        </member>
        <member name="M:World.InvokeGodotClassMethod(Godot.NativeInterop.godot_string_name@,Godot.NativeInterop.NativeVariantPtrArgs,Godot.NativeInterop.godot_variant@)">
            <inheritdoc/>
        </member>
        <member name="M:World.HasGodotClassMethod(Godot.NativeInterop.godot_string_name@)">
            <inheritdoc/>
        </member>
        <member name="T:World.PropertyName">
            <summary>
            Cached StringNames for the properties and fields contained in this class, for fast lookup.
            </summary>
        </member>
        <member name="F:World.PropertyName.packedScene">
            <summary>
            Cached name for the 'packedScene' field.
            </summary>
        </member>
        <member name="F:World.PropertyName.lblElapsed">
            <summary>
            Cached name for the 'lblElapsed' field.
            </summary>
        </member>
        <member name="F:World.PropertyName.lblScore">
            <summary>
            Cached name for the 'lblScore' field.
            </summary>
        </member>
        <member name="M:World.SetGodotClassPropertyValue(Godot.NativeInterop.godot_string_name@,Godot.NativeInterop.godot_variant@)">
            <inheritdoc/>
        </member>
        <member name="M:World.GetGodotClassPropertyValue(Godot.NativeInterop.godot_string_name@,Godot.NativeInterop.godot_variant@)">
            <inheritdoc/>
        </member>
        <member name="M:World.GetGodotPropertyList">
            <summary>
            Get the property information for all the properties declared in this class.
            This method is used by Godot to register the available properties in the editor.
            Do not call this method.
            </summary>
        </member>
        <member name="M:World.SaveGodotObjectData(Godot.Bridge.GodotSerializationInfo)">
            <inheritdoc/>
        </member>
        <member name="M:World.RestoreGodotObjectData(Godot.Bridge.GodotSerializationInfo)">
            <inheritdoc/>
        </member>
        <member name="T:World.SignalName">
            <summary>
            Cached StringNames for the signals contained in this class, for fast lookup.
            </summary>
        </member>
    </members>
</doc>
